Product ID,Brand,Model
5bffcd46c3,Apple,MacBook Air
8e9c3aaedb,Apple,Macbook Air
24305711ad,Lenovo,Ideapad 1
c796a503a8,Acer,Aspire 5
68848b576a,HP,Victus 15
217f013439,Acer,Nitro 5
822dfcd434,Dell,Vostro 3520
afc24e7af0,HP,Victus 15
ec264ee005,Lenovo,V15 celeron
dc47d36bac,Laptop,Acer Aspire
bbe8bee61c,Dell,Vostro 3520
36c2e1270f,HP,Victus 15-FB1013DX
587405910d,HP,Victus 15
d89205c7ae,Dell,Vostro 3520
dd5ad287ae,HP,Victus 15
c5479808a3,HP,Victus 15
14e6882700,Acer,Nitro V
7f992eb8db,Acer,Nitro V
34741644ab,Lenovo,ideapad Slim
8fe94089f6,lenovo,LEGION 5
ab3627d1f9,Mi,Notebook Pro
b134e200aa,Acer,Aspire 5
0c37e930fd,Acer,Aspire 5
af422d4d01,AVITA,Magus Cosmos
c87feaa0c3,Dell,Celeron 5470
0f245a3661,Acer,Aspire 5
73a4f334a1,Dell,Vostro 3520
c42cd86d26,ASUS,Zephyrus G15
ca07d42844,Dell,Vostro 3520
b34bc59185,Dell,Latitude E5470
849568a084,Dell,Laptop Vostro
05dbfdfc5f,Asus,VivoBook I512th
7e86fa182f,Lenovo,IP Slim
a6b3af13b4,Acer,Nitro 5
e8ef92950f,HP,Victus 15
f1e135a3f7,Dell,Latitude E5300
2f2d30a2b8,Dell,Vostro 3520
a67afa6ad0,Asus,Vivobook Go
c6a79de2b4,Asus,ZenBook 14
e68362eea4,Dell,Inspiron 3511
d02745d817,Dell,Vostro 15
28da0d9362,Lenovo,Ideapad 1
c3940f96bd,Dell,5470 Intel
4e68293e5a,Acer,Swift 3
6ebf92e0ff,CHUWI,GemiBook X
f29ac50b71,Dell,Inspiron 15
a47ad9dbea,ASUS,ZENBOOK 14X
d42de3d98b,Dell,Vostro 3520
08adb7f9eb,Dell,G5 15
065991172b,Acer,Aspire 5
b94ee33971,ASUS,Vivobook Go
f6758eef3e,Acer,Travelmate P2
47cbe94f53,Asus,ZenBook 14x
d4bb88ab23,Lenovo,IdeaPad Slim
9fb005ed56,Asus,Zenbook Q410VA
a923979828,Acer,Predator Helios
7f233a65ba,Acer,Predator Helios
7da74a8789,HP,Pavilion Aero
5281c80695,Lenovo,Legion Slim
a510955e82,Asus,GA401Q Zephyrus-Ryzen
5471477f0b,CHUWI,HeroBook Plus
f10b9c80b9,Asus,Vivobook 14
2580e82854,Asus,Vivobook Flip
4890dd5064,Dell,Inspiron 15
a5f18db7b0,Asus,vivobook pro
9821d768de,Lenovo,ThinkPad P14S
d83e9295f5,HP,Envy x360
e245a615fe,HONOR,MagicBook X14
adf5b28e9f,HP,Pavilion 14
7dd1f9720c,Lenovo,V15 celeron
9176c1a491,Lenovo,IdeaPad Flex
abb9121849,Acer,Aspire 5/Core
b6f229b91c,Lenovo,IdeaPad Slim
4956d86c29,Hp,255 G8
f09ca72499,Dell,Inspiron 3520
2291b2aa43,Dell,Latitude 5480
a17459b25e,Acer,Aspire 3
6e34bcfc72,Dell,Inspiron 3501
f8b75b2a79,Dell,Vostro i5-11th
f45145790e,Dell,Latitude E7390
061bd8c556,GateWay,GWTN156 Ryzen
37484d10c5,Lenovo,IP 3
3b8e6d5cc6,Acer,Aspire 5
09af8451e3,Dell,Vostro 3520
e4e7bb402f,HP,ProBook 440
74b66b6d02,ASUS,Vivo Book
52f98984ef,HP,14 Fq0051Nr
9c093e0d89,HP,Pavilion X360
9dad135aaf,Dell,Vostro 3510
85882e3ea5,HP,Envy x360
acc723533a,Acer,Aspire 5
6490a9be50,Acer,Aspire 3
8d98bc9ef9,Dell,Vostro 3510
d488f50fb8,Dell,Vostro 3510
b9a6d3eb71,Lenovo,Ideapad 3
0b3baf7732,Lenovo,Flex 5
2ccc542fc1,Dell,Vostro 3510
141c233c7a,Dell,Vostro 3510
ab7f47d663,Dell,Vostro 3520
148fa9659b,Dell,Latitude 3410
50f68d9dbd,Dell,Vostro 3520
eb359f14c8,Acer,Aspire 5
b8176c58ab,Lenovo,V14 Celeron
5873a065a2,Dell,Laptop 3520
bc99331b7d,Acer,Aspire lite
9fac65dd0c,Lenovo,Ideapad Celeron
fbf1ce919e,Asus,Zenbook 14
9ae83ceec1,HP,15 i3
fbf0b87b77,Lenovo,IdeaPad Slim
13bd818985,Dell,Vostro 3520
91be511ecb,Lenovo,IdeaPad 1
aaf61c8674,Apple,MacBook Air
f90b90dc77,MacBook,charger 60/61W
921d4904cf,Dell,Lattitude 5490
51f267e9dc,Dell,Vostro 3520
40587297ed,Acer,Aspire 3
675fde1716,Lenovo,IdeaPad 3
63334ec0ef,Dell,Vostro 3520
ddef05ad7b,Dell,Lattitude 5480
d2ecec2976,Lenovo,V15 G3
c632208068,Dell,Inspiron 3520
77eebdd25c,Dell,Inspiron 7430
82970810f2,Dell,Lattitude 7390
6b2a7889bd,ACER,Intel Core
169fff2a37,Asus,Vivobook Flip
cfe9be34c9,Acer,Swift Go
c976bd304f,Asus,Vivobook Flip
e8257e465b,HP,Envy x360
634c5ed25e,Lenovo,2023 IdeaPad
1634422d79,Apple,MacBook Air
c5aed6b4c1,Dell,Vostro 3520
9723a709fa,Dell,Inspiron 15
0e57578459,Huawei,MateBook D15
fa24419ea6,Asus,zenbook 17
68e12cb3b5,Asus,Vivobook 15
c4bed7b6d8,ASUS,Vivobook 14X
f58e99cf0f,Dell,Vostro 15
496e8bdf51,Dell,Inspiron 15
0ec631be6d,Asus,TUF Dash
5efa0ed0a6,MSI,Laptop Modern
4867fb3d00,Lenovo,Yoga 6
445d281d3f,Lenovo,Ideapad Flex
7504a44041,MSI,Modern 14
b5418e098a,Dell,Vostro 3520
e28d0971f7,Dell,Latitude 3440
c0e3037b5b,Dell,Vostro 3400
4e69ca77b3,Dell,Vostro 3520(Intel
1632dc1a18,HP,Spectre x360
809bdc30a6,Asus,ZenBook 14X
89176fa146,Dell,Inspiron G15
2368368a30,MSI,Laptop Modern
7e54658027,MSI,Modern 14
ae4af2eb63,MSI,Laptop Creator
9665f26c63,CHUWI,CoreBook X
4d6ae15441,Dell,Inspiron 15
bd44e21288,xLab,x-Book Series
dbbe499391,Dell,Latitude 3440
dc2ecc27a1,Dell,Vostro 3520
f704e949f8,Dell,Inspiron 14
908994f7ec,Mi,Redmibook 15
fd36fb8f9c,xLab,x-Book Series
6622265cfe,MSI,Laptop Modern
5ab98eb972,MSI,Laptop Modern
552bc49a80,Asus,ROG Zephyrus
6b15971d31,MSI,Modern 15
be4d33368c,AVITA,LIBER E
8f42250992,ASUS,Zenbook 14
ec684423bf,Dell,Inspiron 7506
1e87ad01b3,Dell,Inspiron G15
d12f119787,Dell,lnspiron 15
e68d4ced59,MSI,Modern 14
babfa44db5,Dell,Wyse 5470
3b9f5db99d,MSI,Modern 14
ec1f2fce68,MSI,Sword 16
1b8b27e562,Dell,Inspiron 16
59c078746e,Asus,2023 Zenbook
04bb571a62,MSI,Cyborg 15
ed1555fb40,Dell,Inspiron 16
7db1a10239,Avita,Satus Ultimus
545d4874a7,Modern,14 B10MW
ff64c71220,AVITA,Essential Refresh
bf7d1e8bb8,Dell,Latitude 3420
172b989d2c,Dell,Inspiron 15
9c3cbf297a,Avita,Liber E
9f93245715,AVITA,LIBER V14
4521a8b73f,Laptop,Acer Aspire
4a2880b48f,Dell,Inspiron 14
8c97c3f338,Asus,Vivobook Pro
d252803285,Dell,Vostro 3520
c11bb61662,Dell,Inspiron 16
bcb707d4d2,Dell,Inspiron 14
9527887e34,Lenovo,IdeaPad 1
8427e9391d,ASUS,Vivobook 14X
e5c1ae6c5c,Dell,Latitude 5420
08e38b9b21,Dell,Inspiron G15
56f732c10c,Mi,Redmibook 15
00866757dc,Asus,Vivobook Flip
efaedb79a3,Dell,Inspiron 14
6994c79689,Lenovo,Ideapad Slim3
74669c38a4,Dell,Inspiron 16
4126297235,Asus,Vivobook Pro
9baf4ed3de,Asus,Vivobook Pro
1b9aac9212,ASUS,Zenbook 14
bc7e5e3ac9,Dell,Inspiron G15
6cb33e4654,DELL,INSPIRON 3501
dfd0a70306,DELL,latitude 3410
e251caa058,Dell,Inspiron 16
f8237d929d,Asus,Vivobook Flip
0cb4444052,MSI,Cyborg 15
74ab520df6,Asus,Zenbook Duo
6e0767bffa,Asus,VivoBook 15
eafc6eb337,Dell,Inspiron 16
b861dfdda5,Dell,Inspiron 15
9b0226a8dd,ASUS,TUF Gaming
de6a177081,Dua,Screen Pos
ac5d117a46,Dell,Inspiron 15
12000275a3,ASUS,Vivobook 15X
7fdb5d7e48,Dell,Inspiron 14
3cc001963d,Asus,Vivobook Pro
72ce588768,ASUS,ZenBook Flip
17e7a634d3,Dell,Inspiron 15
6d90608007,ASUS,ZenBook 14
cf2edd8717,ASUS,Vivobook Go
d73c50c302,Asus,vivobook flip
6702150b96,Apple,MacBook Air
fe0f7a53cd,Asus,Vivobook 15
b129517261,Asus,VivoBook 14X
4834fabe23,Asus,vivobook 15
9c5b90c9f1,Asus,Vivobook Pro
77e370a59b,Dell,Inspiron 16
106e402579,Asus,Zenbook 14
3a4b02359e,Asus,2023 Zenbook
be1762b0ed,ASUS,Vivobook 14X
5d57be033f,Asus,Vivobook 15
d397ad88d6,MSI,Cyborg 15
f34b6eefd8,ASUS,Zephyrus G14
f9de3ee931,Asus,Zenbook S
7031fa7d7c,Asus,Vivobook 15
9cbe0afc25,Asus,Vivobook M1503Qa
f9213da77b,Apple,MacBook Air
e9f4249a8b,Asus,VivoBook 15
e58a244b2e,Asus,World'S Smallest
88b1cd5abc,Dell,Inspiron G15
6da20d8ad6,Asus,Zenbook 14
0f8ba322d0,Dell,Alienware M15
b08b1b4b8b,ASUS,ZenBook 14
27389d3c06,Lenovo,ThinkPad T14
f92813d8a7,Apple,Macbookpro 14.2‑Inch
43714cc3a1,Asus,Vivobook 15
b8ca2d743c,Asus,Vivobook 14
5b323037c6,Asus,Vivobook 14
43643dd1df,Apple,MacBook Air
d9ec5001ac,Asus,ZenBook Q420VA
90a676d61f,Asus,Vivobook 15
4acc884ad8,MSI,Laptop GF63
1a5d286c62,ASUS,VIVOBOOK 15X
ea51e8081a,MSI,Laptop GF63
444b44d892,Asus,Vivobook 14
62643dfbf4,ASUS,Vivobook Flip
c3c9a39f93,Apple,MacBook Pro
aabf94c791,Asus,Zenbook 14
c66fe1a316,Asus,ROG Strix
d38263ff36,Asus,zenbook 14
82993a8b79,Dell,Latitude 3420
58daeeeda3,MSI,Cyborg 15
0c71db88f3,ASUS,TUF Gaming
766fd7d620,Dell,Latitude 5530
792960f73d,Dell,Inspiron 16
a7807bbb6f,MSI,Laptop GF63
302f1052dc,Dell,Inspiron 16
c829e6f67c,MSI,Thin 15
ea74c145fe,Apple,MacBook Pro
b2757cd8f3,Dell,lnspirion 15
d8fc3616b5,ASUS,ZENBOOK 14X
e7c5e0ffd5,Dell,Inspiron G15
e6bc48b542,Asus,ROG Strix
5f060ef263,MSI,GF63 Thin
672da00743,Apple,MacBook Air
49f907939d,Dell,lnspirion 15
79e0bcdb0e,MSI,Laptop Katana
998c45a480,ASUS,TUF Gaming
366aed43df,Apple,MacBook Air
b8b3e3fa6e,Asus,ROG Strix
f7b1af8ec3,Lenovo,Flex 5
d54f8d91d7,Dell,Vostro 3400/I5
4b7f1fae06,Asus,ROG Strix
8ca67d361d,Dell,Laptop Vostro
316e6a1259,Dell,lnspiron 15
b4cffd5d96,MSI,Laptop Pulse
8114a3cf8f,ASUS,TUF Dash
48fbc3de4f,Dell,Inspiron 2-IN-1
9355713399,ASUS,TUF Gaming
2d932d980e,HP,Laptop 15
7035d688cb,MSI,Laptop Katana
d0512ffc61,Apple,MacBook Pro
cabd6bbf70,ASUS,ROG Zephyrus
7c96a9b8ab,ASUS,TUF Gaming
406e251d16,Asus,ROG Zephyrus
fd98917bd5,Asus,TUF Gaming
b87cbb6d4d,Apple,MacBook Pro
d3cf319efa,ASUS,TUF Gaming
8f58c3a729,Asus,Rog Strix
fef35f4573,MacBook,"Pro (14-Inch,"
391df534df,Asus,ROG Strix
7cf7242902,Dynabook,Tecra A40-K
413b3ff1a7,Dell,Vostro 3520
da9ed0cadc,Aspire,3 A315-24PNotebook
80955899cb,Apple,MacBook Air
9a357ee96b,ASUS,TUF Gaming
e585361095,Apple,MacBook Pro
d08c0f2b65,ASUS,TUF Gaming
4efc4d432e,ASUS,TUF Gaming
f9d6657c30,Aspire,5 i5
9f74587ba0,Asus,rog flow
eff46a3496,Asus,TUF Gaming
87f320536b,Apple,Macbook Pro
a822723a98,Apple,MacBook Pro
558202321a,HP,Elitebook 845
8b3b7139f4,Dell,Inspiron 3511
906917721c,Acer,Aspire 3
5305d61a9e,Asus,Vivobook 14
d194c37e40,Dell,Latitude 3420
edb47f7d37,Apple,MacBook Air
21ffac2d26,Apple,MacBook Pro
447d654296,Lenovo,ThinkPad E14
85a6de0466,ExpertBook,B1402 I5/12th
5af48ec3de,Apple,Macbook Pro
2d1613588e,Apple,Macbook Pro
1af484d464,HP,Envy x360
27410897f2,Apple,MacBook Air
48021be103,HP,15s-du2101TU 15.6
549ed6d844,MSI,Modern 14
b0a049e082,Dell,Inspiron 3511
3dbafd932e,Asus,VivoBook I5
2060f802e7,Asus,VivoBook 14
f18c261dff,Asus,VivoBook 14
e5d9d96dfb,Dell,Latitude 13
7c0e19ef42,Lenovo,IdeaPad Slim
c67244e8a9,CHIWI,MiniBook X
9310435ab6,Dell,Vostro 3520
b2ee246b95,Acer,Aspire3 A315-24P
4c680a6d4e,Dell,Inspiron 14
045a559c4d,Dell,Inspiron 7391
67007c652b,Lenovo,IP3 Ryzen
2e0d124128,Dell,Vostro 3400
3f6ac5683e,ASUS,VIVOBOK -
6327077804,HP,EliteBook 835
bc9760ce19,lenovo,ideapad 3
12c50923d6,GP66,Leopard 11UG
a90d955283,Acer,Swift 3
c7550345ac,Acer,Aspire 3
b5093fcb4f,Lenovo,Ideapad 1
5d42bbf4a0,Asus,VivoBook S
e39e8afbd5,Acer,Aspire 3
8f24e6f0c4,Acer,Extensa Laptop
d09440a42e,Acer,Swift 3
19825a78f6,Acer,Aspire 5
a6838a922b,Acer,Aspire A514-54-i5
7538817c03,Dell,Inspirion 3501
8b3d091652,2024,- ASUS
48a4ffde59,HP,15S-EQ2120AU RYZEN7
f732a18a3e,Dell,Latitude 3420
ad87e790a4,Dell,Inspirion 3501
65b8518b39,Asus,VivoBook 15
edcbc3a901,Dell,Vostro 3401
2cbf5b0a3a,Acer,Aspire 3
f4bc4002a1,Acer,Swift 3
b7bba02dfd,Acer,Aspire 5
3b8ee92fd5,Lenovo,Ideapad 1
e0971869c7,Lenovo,Ideapad Slim
6f08338ae1,Creator,Z16 A11UET
f608b79f0f,Lenovo,IdeaPad 1
f29cce2e99,Acer,Aspire 3
361db8aff7,Acer,Aspire 5
9377d279ee,Acer,Aspire A514-54-501Z
466ee7b998,Lenovo,IdeaPad 3
200f890720,Lenovo,Thinkpad L14
c3d8721d25,Acer,Swift 3
ae09089fed,Lenovo,ThinkBook 14
0ffbefe552,Lenovo,LOQ 15IRH8
e75b067606,HP,14z Laptop
9edbb4a134,Asus,ZenBook 14
9f9e3c2665,HP,15-dw3021 /
3dac94fe7c,Lenovo,Ideapad V15-IGL
a3ca8fadbf,Lenovo,IP1 Ryzen5
38a9cfda2d,Acer,Aspire 5
185aa5fd1f,Asus,Vivobook X415Ea
c88b19f236,Asus,"Vivobook 14"""
e5d0b975d2,HP,Laptop 15s
492390c3d7,Acer,Aspire 3
e1441d4327,Acer,I3 13th
e96f23004a,Acer,Aspire 5
9366b11c8c,HP,14- DQ2055WM
90a2bf7caa,Lenovo,"V15 Laptop,"
49dff1014c,Lenovo,Ideapad 1
7f8685869c,Dell,Inspiron 3520
b3e6581d84,Dell,Inspirion 3501
ec53eea606,Asus,Expertbook B1402
3190289419,Dell,Vostro 3520
0fb833ebdb,Dell,G5 15
4d6f4aa63c,HP,Laptop 240
24862bb5bc,Dell,Vostro 3400
6abd4cc3a3,Acer,Swift Go
07aa666d84,Dell,Inspirion 3501
36a2f7a714,Dell,XPS 15
40f19aa7c1,Acer,nitro 5
4e55ab06d1,Asus,Vivobook X1502Za-Bq496W
a431b19f91,Asus,Vivobook Flip
fa167b391c,Acer,Aspire A14
ae99b63f70,Lenovo,Laptop Intel
6eb9f85015,Asus,Vivobook X1504V
2a6272b025,Asus,Vivobook G0
38af518509,HP,Laptop 240
6ab82a612c,Lenovo,Ideapad 1-14IGL
2dfd384f56,Lenovo,ThinkPad Z13
c44b848c64,MSI,Modern 15
92e63297fd,Laptop,Acer Swift3
8851e6bd9e,HP,15 255
3aff7f60d6,Acer,Aspire 5
f99fdc1066,Dell,Inspiron 3520
f5c91532e9,HP,15 fc0093dx
f36735bc5c,Dell,Vostro 3400
7dbf4baf1b,HP,14s Laptop
dedc648e66,Dell,Latitude 3410
40ba03be44,Acer,Aspire 5
6deaeb82f2,Dell,Latitude 14
1dc0f1a227,Lenovo,Ideapad 3
be109b9704,HP,14S-FQ1052AU AMD
24819679d8,Dell,Vostro 3520
6d5a46c6c2,Newly,lunched-Lenovo Yoga
9383fadc26,Lenovo,ThinkBook 14
39a690dfbc,Lenovo,IP1 Ryzen5
7951974fb6,Lenovo,Ideapad 3
5a068c12d7,Acer,Aspire 3
399d227610,HP,Notebook 14-FQ1051AU
eef5e34551,Lenovo,IdeaPad 1
e4e03ae715,Lenovo,V14 Celeron
ab0ec730e6,Asus,VivoBook M1405YA-IS74
c7f19a4a7a,Dell,Inspiron 3520
e15184d624,Lenovo,IdeaPad 1
ef2844d000,Laptop,Asus VivoBook
17c850afd4,HP,14 Core
0c58a77d01,Acer,Nitro 5
6f12d48ebf,Dell,Vostro 3520
4e72a3cab5,Asus,ZenBook Q410VA
8f885ca53d,Acer,Swift Go
880b8764e9,Lenovo,Thinkpad L14
a183ef2b33,Lenovo,Idea pad
54e23d4745,Dell,Vostro 3520
87bf10889f,HP,Envy i7
c8b7f3fc89,Acer,Aspire 5
b2a70a2a99,Lenovo,IdeaPad 1
103e840619,HP,Laptop 240
1af86b886f,Nova,Pro(32/1TB) |
e80d9a3989,Asus,ZenBook Q408UG
cd8fee1032,Dell,Vostro 3400
b4af472e8a,Dell,Inspiron 3511
c1f54692e2,Dell,Latitude 3340
2a8d98a5a3,Acer,Extensa 15
8d5b1b8158,Dell,Vostro 3888
3edadfed2f,Lenovo,Legion Slim
3ffe2b488f,MSI,Modern 14
18ee3d315a,Acer,Predator Triton
35a0fbe0b3,HP,14s-cf3063 TU
1f5f563936,Dell,I5-11th Gen/8GB
bb742ef5a1,Acer,Aspire 5
2fe34d71fa,HP,Envy 13
911aa9ce65,Laptop,Acer Swift
d561311607,Dell,Latitude 7490
86ba3f3a8f,Acer,Aspire 5
ad72a33829,Modern,15 A11MU
bed559e240,Acer,Swift3-42-r8R5 AMD
37c5e95a9c,Acer,Aspire 3
8d671a23e6,Acer,Nitro 5
2fb1518efb,Acer,Aspire 5
df7ceac991,HP,Laptop 240
523cd5b91a,Lenovo,Ideapad 3
70c8a333f5,Asus,TUF F15
6de452cbf5,Dell,inspiron 3501
f08f8f9e04,Lenovo,Ideapad 1
3616663592,Acer,Aspire 3
33b7da8b38,Dell,Inspiron 3511
ed585afd59,Acer,Aspire 3/
1955e3f0d1,MSI,Modern 14
eb01acea6d,GP76,Leopard 11UE
c76dc44ea1,Laptop,HP 14
602dc5f27b,MSI,Modern 14
04e5c813b7,Acer,Aspire 5
9275d42715,Dell,Vostro 3400
0d199a8f1a,Lenovo,V14 Celeron
d403c9631b,HP,ProBook 440
0cd8e53dc0,HP,Laptop 240
5e511fa6e9,MSI,Cyborg 15
b530caf78a,Dell,vostro 3400
c0d77e9896,Lenovo,IdeaPad Flex
8c04b41bd2,Acer,Aspire 3
24a5202dae,Lenovo,Thinkbook I512th
5c7a551dd6,Acer,Aspire 3
d1205adfe6,Lenovo,Ideapad 1
e013314d73,Acer,Nitro 16
104b8eb8e1,Dell,Latitude 3420
8db8b34f9b,Acer,Aspire 3
1f118024c5,Acer,Aspire 5
7ba1a0a5d8,MSI,Modern 14
f6a9bdc787,Dell,Inspiron 3511
98886ed2cc,Dell,Vostro 3401
eaf01bf103,Aspire,Go 14
809e9605dc,Acer,Aspire 5
5ecbba9c06,Acer,Nitro 5
263031cabe,Acer,Nitro16 (AN16-41-R418)
ad05f6eda9,Lenovo,Ideapad 3
610a18ace4,Asus,VivoBook 14X
24473929c5,Asus,VivoBook 14
c80642232c,Acer,Aspire 5
c28b241635,ASUS,L510 /
af4291c834,Acer,Aspire 5
7a0806c72b,Lenovo,ThinkBook 14
2acd9cfc1d,Acer,Nitro 5
722b0c8b8c,Lenovo,IdeaPad 1
767a5286f4,Asus,VivoBook F415EA
dc33283276,Acer,Aspire 5
69d9acee9c,Acer,Aspire 5
7c020c79e4,Acer,A315-35-C8IE Processor:
59a51d9288,Modern,15 A11SBU
5f92c45126,Modern,14 B11MOU
aac06c4ef4,HP,NoteBook 15-fd0211nia
06f962753a,Dell,Inspiron 3511
5d4ee82e27,HP,ENVY x360
54a8beb76c,Acer,Swift 3
0423f97edd,Dell,Vastro 3400
59bb066286,Lenovo,IdeaPad 1
908f37d460,Laptop,Acer Swift
1a50522e2b,Dell,Vostro 3500
741d2d9ddd,Vostro,3400 i3
80a627ce9e,Lenovo,IP1 Ryzen5
4d569dce11,Lenovo,IdeaPad 1
df30858144,Dell,Inspiron 3511
a8120c1cb0,Dell,Inspiron 7430
a855ba578f,DELL,"VOSTRO 14"""
cfbaccecff,Dell,Latitude 3420
9860fa1500,Dell,Wyse 5470
87556e9f51,Hp,pavilion 15
fbe5428090,Acer,"Aspire 5,"
8d6dc7a137,Acer,A515-45-R0Y4 Processor:
5006a03b72,Dell,Inspiron 14
80f47b64d5,HP,Pavilion 14
85758447e1,Dell,Inspiron 7430
37511423e7,Lenovo,IdeaPad L3
1894b322b6,Dell,Latitude 5330
7df6e4fb5a,Lenovo,Yoga 6
6661cac4ff,Lenovo,Ideapad 1
c6ac90de98,Acer,Aspire 5
b8e4e5f2a7,Dell,Vostro 3520
c465ddf20e,Dell,Vostro 3400
e6e171c9dc,Lenovo,IdeaPad Slim
2bace0ec77,Dell,Latitude E5400
591b8a3422,Lenovo,IP 1
cb38a0b0ef,Acer,Swift3 Laptop
bf4ddd9073,Asus,Zenbook Flip
eb52356c7d,Lenovo,Ideapad 3
dbbd56af39,HP,14 DQ
9fc19770a3,ASUS,VIVOBOOK X1504Z
07a3ebc8bc,Dell,Vostro 3520
205626354f,Asus,VivoBook 14
93df70c34f,Asus,Zenbook Q507Iq
74c0182b97,Asus,VivoBook X513E
7954c6b8d3,Asus,VivoBook 15
690b3b5ac0,Acer,Swift Go
ba2b608371,Asus,Zenbook 14X
2e82c84ee9,Asus,E410M-EK Celeron
082519c9dc,Lenovo,Slim 7
2a48478409,Lenovo,IP Slim
6492849d94,Dell,Vostro 3520
44e89a17e2,Dell,Inspiron 14
cd496cd17d,Asus,Vivobook X1402Z
a29816f7c6,Acer,Aspire 3
f776a20a60,Dynabook,Tecra Toshiba
c35acdea5a,Acer,Aspire 3
f6bf4d56c7,Honor,Magic Book
5d98104ca8,Dell,Vostro 3400
6f23b583ac,Lenovo,IP1 Ryzen5
a8ab0c2677,Lenovo,Ideapad 3
5e1d14fc18,AVITA,Celeron N4020
79f8e0a654,ACER,Aspire 3
23d9e39b2f,Acer,aspire 3
c2f68d57b6,Dell,Vostro 3520
4fcf62398b,Lenovo,IdeaPad Slim
ab2917a99f,MSI,Note Book
d176b7e7f1,Dell,Inspiron 5493
91b409f434,Lenovo,ThinkPad L13
e9ec4cadbd,ASUS,Vivobook Go
9522431b9e,Dell,XPS 13
199bcf7ef5,Asus,ZenBook 14
2d26f90c91,Dell,Vostro 3520
505db58202,Lenovo,Legion Pro
fc470ee02c,Great,Asia laptop
9fc762851d,Asus,2023 Zenbook
7f6e0411f6,Acer,Nitro V
bdb0354b45,Dell,Vostro 3400
b71eca27c7,Dell,Latitude 3420
e0e4b502ef,Dell,Vostro 3500
bd528077ba,Dell,3520 i5
8148fc9d31,Lenovo,IdeaPad (slim)
25305cb05b,Dell,Laptop Latitude
c150dbdc1c,I7,13Th Gen
b75a308e9a,ASUS,Vivobook Go
dbb73fa1ea,VAIO,
5dc2215466,Asus,Expertbook-B1402CBA Intel
548d6f9211,Lenovo,Ideapad slim
bc0cf0f70c,ACER,Aspire 3
6bd21b95ff,HP,15-EF2126 RYZEN
f041691269,Acer,Nitro V
09fa4b9827,Dell,Vostro 3520
0f44f0db97,Lenovo,ThinkPad E14
5912a6d172,HP,Envy x360
6e213cfdf5,ASUS,Vivobook Go
cc1104d492,Acer,Aspire 5
a382438f47,HP,Envy x360
c99927f404,Summit,E16 Flip
a2640453f0,Dell,Alienware M15
50e367c895,Lenovo,V14 Celeron
142aa6ac0d,Lenovo,Ideapad 1
cde689e0c1,Acer,Aspire 5
0413bf6f2d,Asus,Expertbook Flip
634303440e,Asus,ZenBook 14x
29c56e608d,Acer,Aspire 5
19e4ef600d,Dell,Laptop Vostro
6026ee1694,Dell,Laptop Vostro
9cd865f249,HP,14 DQ
975809a738,Hp,240 G7/HP
ba01c0d9df,HP,"Laptop 15s-fq,"
417d390530,HP,Envy x360
014b238dec,Dell,Inspiron 15
602451418f,Dell,Vostro 3520
0f4293c83d,Laptop,Acer Aspire3
332bdade03,Acer,Aspire 5
305e2bc7bb,HP,Elite Book
2b4514f655,Acer,Aspire 3
b18f1ad744,Lenovo,IdeaPad Slim
e577369e44,Asus,Vivobook M1502Q
628da8f9a1,Acer,Swift 3
1f8a124b36,Dell,Vostro 3400
d5a29b2101,Dell,3501 i5
352540334b,Dell,WYSE 5470
7aff00b2ab,Asus,TUF A15
6c1775260c,Ryzen,3-3250U-HP-14/ 8GB
d715e31d4e,HP,Pavilion 14
9bb0fb009d,Dell,Latitude E7480
eb65f686c5,Asus,Vivobook X1402Z
5e16ed7261,Acer,A514-54-542B ntel
b57675c0d7,Asus,Vivobook Flip
c5da53190d,Acer,Aspire 3
fe28db832d,Lenovo,V15 Laptop/
8be2665531,Asus,Expertbook B1400
8348f0a758,Asus,ZenBook 14
2f2a1d7706,Acer,A315-58G-55Xc Intel
4383ea288b,ASUS,ZenBook Laptop[UM3402Y]
0decd2d019,HP,Envy x360
5588d0100f,HP,Laptop 348
db90650db6,Dell,Vostro 3520
3363f2efac,Lenovo,V15 Intel
50d16d8475,Laptop,Lenovo Celeron
ed1b8f0511,HP,15s-du2101TU 15.6
14bd4d46cf,HP,Victus i5
32f930f131,Lenovo,IP1 Ryzen5
96724a4f10,HP,Laptop 15-dy2795wm
6528f6626c,MSI,Note Book
189f9aa8fc,Acer,Aspire 3
cf66db0ffd,Dell,Vostro 3510
399bfa8f5a,HP,15s- fq4021TU
94e68380b8,Acer,I7 13Th
16c859e9ba,Lenovo,IdeaPad Slim
283379d4c3,Lenovo,IP 1
8fa2999ed2,Dell,Latitude 3510
31127b1594,Dell,Vostro 3510
edc26df249,ASUS,Vivobook Q530V
7bf4146fd5,Acer,Aspire Lite
d348470c37,HP,240 G9
c521099ea5,Acer,Aspire 5
b0094228e4,Lenovo,IdeaPad Gaming
8b4c2ecd83,Lenovo,IP Slim
af6f0e17c7,Dell,Inspiron 14
8da7df68f8,ASUS,Zen Book
aac51c27fd,Lenovo,IdeaPad 3
1a860ff8e7,Dell,XPS 15
f9c9028eff,Lenovo,IdeaPad 3
80dbd514b0,Acer,Aspire 5
baac0ce5fa,HP,"15-ef1071wm 15.6"""
c916f7a162,Dell,Inspiron 15
3752b8b30f,HP,Pavilion 15
0a70aeacd4,Lenovo,IdeaPad 3
672fddc5a8,Lenovo,ThinkPad Z16
4b5bcbc54e,Lenovo,IdeaPad Slim
c00e10725c,ASUS,Zenbook S
ed3dc27e61,Dell,Vostro 3400
65b6bb34fd,LENOVO,IDEAPAD 3
3a65de1c2c,HP,Probook 440
846d98498e,Acer,A515-45-R2KO Processor:
b7f5b33749,HP,Laptop 240
ff4f44d731,DELL,"VOSTRO 14""-3430"
c8e3fe49b4,Lenovo,Legion Pro
f95be54976,Dell,Vostro 3520
f107dde7d5,Lenovo,V15 With
d3a3f985b1,Lenovo,V15 Intel
fd4190ca5d,MSI,Note Book
67c3a957a0,Lenovo,IdeaPad 5
0e82942362,HP,Elitebook 830
a4fb03d83c,Dell,Vostro 3400
2d5f4bec48,RYZEN,5 15S
387f4c3ce8,HP,Laptop 15S-EQ2116AU|
c19622ecbe,ASUS,E410M -
7b56f66636,Dell,Inspiron 15
205db8790a,Acer,Nitro V
4b474bf02f,HP,Pavilion Ryzen
4f3381cbef,HP,Laptop 15s-fq5295nia
c8396e9303,Dell,Vostro 3520
2f8c82bc1e,ASPIRE,5 i3
c4ca191c88,Lenovo,Thinkpad X13
8176fe5a8c,Dell,Inspiron 3501
2079a52467,Dell,Vostro 3520
c49b37d755,Acer,Aspire 3
a27127bebd,HP,Pavilion Laptop
f1178537d4,Acer,Aspire 3
5dede64414,Dell,Inspiron 15
1a92727089,Dell,Vostro 3520
ccd5890435,Dell,Vostro 3510
7886fcfb5e,Lenovo,V14 G2
b602359d91,Dell,Latitude 5490
ccbde75682,Lenovo,IdeaPad 3
468be2b6b4,MI,Notebook Pro
c5ccb320ed,Lenovo,Flex 5
bfad7e5aa0,HP,Pavilon 15eg
a8e5944266,ASUS,VIVOBOOK X1502Z
5b6935a88c,Acer,Aspire 5
6ee467a5c4,Lenovo,Flex 7
06a58e9cf0,Lenovo,V15 Ryzen
7b69ed89d2,Acer,Aspire 3
e1f7a77acb,HP,15-ef2126wm Ryzen5-5500U/8GB
a641753920,Acer,Extensa Laptop
14fc55f212,Dell,Inspiron 3511
9f7db5ce9d,Lenovo,Yoga Slim
dd90ac7780,Asus,Exportbook B1402
bdb47b649f,Lenovo,IdeaPad 3
c60269cfab,Lenovo,IP 3
9b3fe03b9d,Acer,Travelmate P2
4b1b310c12,Lenovo,IdeaPad 3i
16efb33809,Asus,Vivobook Tp470
19cb1c95f6,Acer,Aspire 5
92a844d8e1,Acer,Aspire 3
aa6b479a87,Dell,Inspiron 13
904545c27e,Acer,Aspire 5
0f8518c2d0,Lenovo,Flex 7
56c172684d,Acer,Aspire 5
0488e3426f,ASUS,E410M 14-inch
6d061748e2,Asus,Expertbook-B1402CB Intel
56b07568a2,Acer,Aspire 3
32d05974d8,ASUS,Vivo Book
e815dc4551,Acer,Aspire 3
d25bb483ec,Laptop,Acer Aspire5
09c4acf71d,Dell,Inspiron 7405
1f0673a6fb,HP,
4bd7f78298,Lenovo,Legion 5i
4934ba89b7,Asus,Vivobook14-i5-12Gen laptop-8GB-Ram-512GB
fa3a51a7f8,Acer,Aspire 5
fc740e5398,Lenovo,IdeaPad 3
fd216a1591,Acer,Aspire 3
91aa1df31a,Dell,Inspiron 14
a983e87977,Lenovo,Yoga Slim
9f17a355bd,Acer,Aspire 5
c7742205b8,Ryzen,3 4GB128GB
a69c19de5b,HP,14-cf2224nia Intel
34427dbaf1,Dell,Inspiron 3505
0ab7bf9ab9,Dell,Inspiron 15
973fb76022,ACER,NITRO 5
91647f1e04,Lenovo,IdeaPad 3
cb28a66ee5,Dell,Vostro 3520
21cb4dc080,GP66,Leopard 11UE
4601c773ae,Lenovo,Flex 5
3e5b473a1f,HP,Envy x360
022a79f676,Acer,Aspire 3
d3cb2cfff5,Acer,Aspire 5
7aea58af7e,Dell,Vostro 3510
0b993c79d9,Acer,Aspire 3
87c62df521,Dell,Inspiron 16
337107c692,ASUS,VIVOBOOK Z1504Z
10b9a77f2a,Lenovo,V15 Laptop/
6d9e9e8b02,Lenovo,Thinkpad L14
2e6842e22e,Lenovo,ThinkPad E16
beba3c16b4,HP,Notebook 15S
32d6b01b89,Laptop,Acer Aspire
eaa0f1392d,HP,Envy 13
b192cb9d52,Lenovo,Ideapad L340-15API
0a7746ce15,Dell,Vostro 15
c340813294,Acer,TravelMate Spin
fefc4a80e7,HP,Envy x360
2a72f673e4,Acer,Swift 3
a3414b8344,HP,Elitebook 835
11ddd495d5,Acer,Predator Helios
f720f9a00a,HP,15-ef2126wm Ryzen5-5500U/8GB
44ba5914a5,Dell,Vostro 3510
2255f2ac35,Dell,Latitude 3410
916711c9de,HP,EliteBook 845
671f64f39b,Acer,Aspire 5
a2f7a3cbdc,HP,Pavilion x360
429accd3d6,ASUS,TUF Gaming
ed33e745e5,Lenovo,IdeaPad 1
96048bb6f6,Dell,Alienware M15
94e4f8a51b,Acer,Swift 5
607e35dfc7,Dell,Inspiron 7391
97ae2d14f6,HP,Probook 440
083bc38a97,Dell,Inspiron 15
7c663d28de,Dell,Inspiron 3501
85d9651794,HP,15s-du2101TU/ 10th
bb67fc3ce4,MI,Notebook Pro
2a7781175b,Lenovo,Thinkpad L13
ce1971262a,HP,Pavilion Aero
d500bdea6a,HP,Laptop 15S-eq2116Au
e67571d9d5,Lenovo,IdeaPad 1
2db7c8f187,Dell,Vostro 3510
752539d1f9,Acer,Extensa 15
3ca76fec90,Asus,VivoBook 14
1bfca5332f,Acer,Aspire 5/Core
cdb6596d3b,Acer,Aspire 3
3fa441e2ed,HP,15-fq With
b8ecc4813a,Acer,Aspire 3
e6e1213e65,Dell,Latitude 5320
0f839316e6,Acer,Aspire 3
4c92e30d3b,Acer,Aspire 5
42a1842643,Dell,7501 10th
238304af98,Lenovo,LOQ Amd
d9501338e8,Lenovo,IdeaPad Slim
a3d433dddf,Avita,Liber Intel
3e09969cc8,Asus,L510MA-WB04 Celeron
50b7b17a9d,Dell,Inspiron 7405
c5c272f5c9,Acer,Aspire 3
022118e724,Predator,Helios 300
2afc924a24,Asus,VivoBook 14
f6d09c91be,ASUS,ZenBook 13
2a9fac4d7b,xLab,x-Book Series
e8e06ef6dc,Lenovo,IP 1
b6ab9f55a2,Dell,Vostro 3520/Core
3d1587578e,ASUS,Zenbook 14
35ba33da33,Lenovo,IdeaPad 1
53396801ce,Asus,X515 i5
70d90ef58b,Asus,VivoBook S
553c5aa128,Pavilion,X360 i5
678c6c36a5,Dell,Inspiron 3511
7578af569f,HP,14 Core
e69d0e6a46,Dell,Vostro 3400
b7139c2e03,Dell,Inspiron 7506
31d873116e,Lenovo,Yoga 6
8f96235927,Lenovo,IP 3
33bea19e89,Acer,Aspire 3
0d3000c003,Laptop,Acer Aspire5
03ff533cf7,Asus,Expertbook With
84820ef13e,Asus,Zenbook 14X
ea56d0f860,HP,15-EF2126 RYZEN
793762dc67,Toshiba,Terca A40
a0e2d9a436,Dell,XPS 13
9dc3cbdd79,Lenovo,IP1 Ryzen5
b3064d71d9,HP,Envy 14
5fdac4d8ff,HP,ENVY x360
c28e8c9829,Acer,Aspire 5
a954a2989b,Acer,Aspire 5
826a6ceab4,Laptop,Acer Aspire5
08062d208c,Acer,Aspire 5
8570d5ebda,Asus,Vivobook Tp470
e8970b15de,Lenovo,Slim 7
f471b17d31,Acer,Swift 3
553a8542e6,Dell,Vostro 3400
1524a5a7bc,Dell,Precision 5470
edb073c98a,HP,ENVY x360
cec67a896b,Microsoft,Surface Laptop
c762c5bc21,Acer,Swift 3
adacfe7912,Lenovo,2023 Yoga
8c0e81812b,HP,14 Dk1031Dx
a5edfcf5f9,Dell,Vostro 3400
b97034884c,Lenovo,IdeaPad 1
3f0d6fd8f5,ASUS,ZenBook 14X
b1cc692308,Asus,TUF A15
cab6e43e45,Dell,Vostro 3510
1bb1a6eb5d,Acer,Aspire 5
9689a87c1e,Dell,Vostro 3520
fdd250e693,Gateway,(By Acer)
b680a576dd,LENOVO,IDEAPAD 1
1c46fcaa2c,Acer,Aspire 3
b8c6e7fdb0,Dell,Inspiron 3501
43c72e3b66,Dell,XPS 13
5432c4eab1,HP,14-cf2224Nia Intel
328e4690c1,Lenovo,IdeaPad 3
00d9832ab6,HP,Pavilion Laptop
ad14801de9,Dell,Inspiron 3501
c88d9d132f,Asus,Vivobook X515EA/Intel
239023f811,Acer,Aspire 7
fedf4fedf6,Acer,Aspire 5
9fb58dba4d,ASUS,X145E Intel
acf361bbde,Lenovo,ThinkPad Z13
c0a84f6fdf,Dell,Latitude 7420
a9f41ba2f7,Lenovo,Ideapad 3
13c0214f49,HP,14Z Laptop
b930f3dc7a,HP,Pavilion 15-EH1070
d8d9f5cc74,LENOVO,IDEAPAD FLEX
15e96da7f1,HP,Pavilion 15eg
5d7f68c68e,Acer,Aspire 5
d08e4b0664,ACER,Aspire 3
f8a5079f13,Acer,Aspire 3
8848190928,Dell,Vostro 3510
a255b9d130,Dell,Vostro 3520
586b80cc96,Asus,ZenBook 14
003cc5d092,ASUS,Vivobook Go
00e9bfe94c,Dell,G15 5520
43e9296669,HP,14 DK1031DX
60ca499c48,Lenovo,IP 3
80a2f88a28,Asus,Vivobook 14
210a734d07,Lenovo,Ideapad 3
b1c0622df6,HP,15 Dw
6c1a579d1d,Dell,Latitude 3420
baaeb84ee7,Lenovo,IdeaPad 5
423722e93c,Acer,Aspire 5
974fe0901b,Asus,Zenbook 14
d05c9d78e8,HP,Envy x360
757e745f27,Acer,Aspire 3
1eed3ad243,Acer,Aspire 3
76b74cb197,Dell,Vostro 3400
4d46e986b2,Asus,VivoBook 14
bd3fc60511,Asus,ZenBook S13
5434937172,Dell,Latitude 13inch
e88fc381fa,Dell,XPS 13
2f277eca8e,Lenovo,Thinkpad L14
18404319a0,Dell,Inspiron 7430
575af50503,Lenovo,Legion Pro
24c7a37665,GP76,Leopard 11UH
ffd4a74c78,Asus,Vivobook S13
fbb00c44c9,Acer,Aspire A3
08dda856a4,Dell,Inspiron 15
2409d27e10,Dell,tiny |
2f11fd7682,Lenovo,IdeaPad 1
05f1406945,HP,EliteBook 835
f0765bcfaa,Dell,Vostro 3400
7be5c6adf3,Dell,Inspiron 7405
2c2fee778a,Dell,Vostro 3510
58f341ae5b,Acer,Nitro V
0ab18718bf,HP,ZBook Firefly
b24c833f56,Dell,Vostro 3520
ac4a99dc91,Lenovo,ideapad slim
4f742d85fe,Lenovo,IP 1
dbb99eae81,MSI,Modern 14
301735f0b1,Acer,Aspire 3
9842ed3ed9,Asus,ZenBook Flip
e2364939fe,Lenovo,IP1 Ryzen5
9542105828,Lenovo,IP3 Ryzen
4ff7659ea2,Acer,Swift 3
20c8a8a992,Dell,Latitude 3420
6f66cf2260,Lenovo,Flex 5
53ad6cfdb4,Lenovo,V15 With
f771ca4687,HP,15S Intel
8eea7af8e8,Lenovo,Thinkpad L14
3893f4d2e8,Dell,Vostro 3510
4fd43cf97f,Dell,Vostro 3520
6b6f75c60e,Acer,Aspire 5
335ebfc040,HP,14S-fq1052Au AMD
68ecce1588,Acer,Aspire 3
9a8e4564a4,Lenovo,IdeaPad Slim
c3f024069f,Dell,7506 11
9b5808dd2b,Dell,Latitude 5310
2fe81d633f,HP,ProBook 440
f4260b1439,Acer,Swift 3
568228ecb9,Laptop,Acer Aspire5
dc25b075cd,Delta,"15, AMD"
4bd11670aa,Dell,Latitude 7420
1fce4bc065,HP,14-cf2224Nia i5
900e613823,Acer,Swift 3
29219068b0,HP,Envy 13
d3a9855cbc,Lenovo,YOGA 6
2d69bb9601,Asus,TUF Gaming
74e7c02101,GateWay,GWTN156 Ryzen
8f23df8de1,HP,Envy x360
d798152a75,Laptop,Acer Aspire5
fd4051fdd7,Dell,Inspirion 3501
23008b900e,Asus,VivoBook 14
f8e79bcc60,Lenovo,ThinkPad P14S
4396d8d003,ASUS,Zenbook 17
18937ce447,Asus,Vivobook M1603Qa-Mb297W
4b5fa7b4b9,Asus,Vivobook E410Ma
75595cfd20,Dell,Inspiron 5410
720d49fcad,Dell,Alienware M15
6f703e7675,Macbook,Pro 13inch
34d9570a6a,Lenovo,LOQ Gaming
4c8675e9d4,Dell,Inspiron 16
365beaeed2,Lenovo,ThinkPad L14
af017a8858,Dell,Inspiron 14
d569e1b311,Asus,VivoBook X413JA
426fe2b88e,Dell,Inspiron 7490
c3a7c70b94,Lenovo,IdeaPad Flex
1d09cfa875,GP76,Leopard 11UG
5b77d5377d,GP66,Leopard 11UH
9b468f91d0,HP,14- Dq2055Wm
21b21fcea0,Lenovo,ThinkBook G2
d2cdfb4b2b,Lenovo,IdeaPad 3
3d69bb0c35,Asus,VivoBook 15X
573ac64dda,Dell,Inspiron 5310
288706037a,Asus,Vivo Book
a9ae397dbf,DELL,INSPIRON 5510
2ea2db6c09,Laptop,Acer Aspire5
4f0f23903b,Dell,Latitude 3420
938860963a,Lenovo,Slim 7
66326cc08a,Acer,Aspire 5
77f5ea1827,Dell,Inpiron 5406
5e4c345cfb,HP,15-eh1071AURyzen 7
578e9b5407,MSI,Modern 15
7aeca7bc72,Dell,Inspiron 5310
e69f0dc73a,Lenovo,Ideapad 3
af8a0faecc,HP,Spectre X360
3757ee6797,HP,14S-fq1052Au AMD
c840bb03c7,Acer,Aspire 5
c8918c7a49,Acer,Swift 3
9f3984b735,Acer,Aspire 5
3ad57d4ee6,Asus,ZenBook Flip
cbc78bcecd,HP,LAPTOP 14S-DQ2555TU
56c7bc53cc,Asus,Zenbook 14
e18cc4949e,ASUS,VIVOBOOK E1404G
81d9b1b944,Dell,XPS 13
7dde4b3bad,Acer,Swift 3
a204b7f7e3,Acer,Travelmate P2
97b2ddb217,Laptop,Acer Nitro5
9d5ea17237,HP,15-eh1071Auryzen 7
026e0cfef8,Acer,Swift 5
ad55a1495d,Lenovo,Ideapad Slim
ef0a0964f3,Dell,Inspiron 5415
0c4501d7c6,Dell,Inspiron 16
c88ce77349,Asus,TUF Dash
0e663e8167,Dell,Inspiron 5402
efe3c24e07,Lenovo,Thinkpad X13
cdee43e940,Lenovo,LOQ 15IRH8
7111641d1a,Acer,Swift 3
b1109c4c8a,Asus,Zenbook Duo
e869e2160c,Lenovo,ThinkPad P14S
8b01e31cbf,Asus,Vivobook F512J
63645a68d8,HP,Elitebook 840
a5915a7aa4,Lenovo,ThinkBook 13S
4362426415,Dell,Vostro 15
2d5c510b4d,MSI,Summit B15
def5cd1385,Asus,TUF F15
e9fcbde556,Acer,Aspire 3
40068e01c9,Dell,Inspirion 3501
1219ea5fd1,Dell,Inspirion 3501
a7677ee325,Dell,Alienware M15
dfb2269938,ASUS,ZenBook Flip
d866a37955,Asus,Vivobook X515Ea
453de21ac9,Dell,Inspirion 3501
cc2f3b5536,Lenovo,E41-45 AMD
c8ede61334,Dell,Inspiron 3501
4f84a41692,Acer,Swift 3
85808f6c97,Asus,TUF Dash
fc1ceaac48,Dell,Inspiron 5501/
0a87cde85d,Microsoft,Surface 3
987e2e52b7,Acer,Aspire 5
e6f1e81786,Acer,Aspire 5
1104be6b60,Acer,Aspire 5
da31aa7776,Acer,Aspire 5
d8a7c069b2,Acer,Aspire 5
06c482ba04,Lenovo,Ideapad 3
79ae0ead61,Dell,Vostro 3400
a93a08cab6,Lenovo,ThinkBook G3
36e3ad9562,Lenovo,3 With
bfab7a138f,Asus,ZenBook Flip
63072e6f73,Lenovo,5 14ALC05
209bd4c2ea,Dell,Inspirion 3505
b60372850f,Dell,7501 10th
b3c6906b32,Dell,Inspiron 14
7dc9882627,Acer,Swift Go
f37048f83c,Dell,Latitude 3420
8cad8afd51,Asus,VivoBook 14
4916088717,Lenovo,IdeaPad 3
927cab9e9a,Hp,Pavilio Power
6da3381fb1,HP,"14"" Probook"
475ca028d1,Dell,Inspiron 7306
ce9d0bdb83,Dell,Inspiron 7391
eafaed7c06,Lenovo,ThinkBook G3
12e3ee7cda,Asus,Vivobook K513Eq
9959eadc27,ASUS,VIVOBOOK F512J
a374cfb3ba,Asus,ZenBook Q507IQ
ced96c75c1,Acer,Aspire Vero
c46f45e743,Dell,Inspiron 3511
f5bbabe98a,ASUS,ZENBOOK DUO
1b4666b507,Microsoft,Surface 3
8cec5bdbc9,Dell,Latitude 3420
62f070457f,DELL,INSPIRION 5420
2d9d4926e7,Lenovo,IdeaPad Slim
5de29ccb9a,Asus,Vivobook F415Ea
5350a93997,MSI,Modern 14
b6ee6b0720,Asus,R565E With
a6c69e0259,Acer,Aspire 5
c152453809,Lenovo,IdeaPad 3
4f89b2031c,Acer,Swift 3
412e3acb18,Acer,Aspire 5
9f417ae4bf,HP,Envy 13
c0e8bb0f8e,ACER,Aspire 5
be1c0dec79,Lenovo,ideapad Slim
04398e9b84,Dell,Latitude 5330
8527ce0a50,Summit,E13 Flip
d4337d2ccc,Dell,Inspiron 7391
d2022cfa79,Acer,Aspire 5
76cbb33540,Asus,Ga401Q Zephyrus
3c6feb9c9e,Dell,Inspiron G15
05dfcc0df8,Asus,Vivobook X1402Za-Am467W
23b403cbc7,Acer,TravelMate I5
36fd6728a7,Apple,Macbook Air
e2772877b0,Microsoft,Surface 3
0dc0013a0f,Laptop,Acer Nitro5
de8dbba272,Laptop,Acer AN515-56-55JS
ae93bca5b1,Laptop,Acer Nitro5
828702aa64,Laptop,Acer Swift3
2fd6c52829,Asus,Vivobook X413Ja
fdc01ae75d,Asus,Vivobook S435
6d7bb02a8a,HP,15 AMD
9fad31052b,Dell,G5 15
666517c050,Asus,VivoBook Flip
c12e8538ab,Asus,Vivobook Pro
3d0d43f904,Lenovo,IdeaPad Flex
32430023d6,Laptop,Acer Nitro5
8064d38bc6,Laptop,Acer Nitro5
3eccde0ca4,Acer,Swift 3
695f19e6e9,HP,Pavilion Laptop
9498608c3a,Asus,"Vivobook F415Ea-ub51Laptop,"
86b0879f91,Asus,ZenBook 14
b8a45593f6,Dell,G5 2021
3ff0050e6f,Asus,Vivobook 15
35c65e9c26,HP,Laptop 15s
88e8cd8760,Asus,VivoBook S15
97ce529e53,HP,Envy i7/12th
737728a39a,Microsoft,Surface 3
46348ed116,Asus,Vivobook M1503Qa
6716edd9f6,Laptop,Acer Swift5
34e7193b5e,Laptop,Acer Predator
781dc53e4f,Acer,Swift 3
5499d64fd4,Lenovo,IdeaPad 5
1ff593f3c7,Asus,Zenbook Flip
b3a4833ab5,Asus,2023 Zenbook
ed3254f179,Honor,MagicBook X
c35227598d,Asus,VivoBook Flip
1d1f4f4a34,DELL,INSPIRON 5406
0061fb49f2,HP,Pavilion Laptop
55cf949def,Dell,G3 G3500
44ca1bd138,Dell,Latitude 3420
11e03c63e7,Lenovo,IdeaPad Slim
2bef8def7b,Asus,Vivobook Flip
9afe2c1b80,Acer,Aspire 5
0f88b78f4b,Asus,VivoBook 15
34f81b31f4,Dell,Vostro 7500
6ab2059db8,Lenovo,Yoga Slim
c58abec566,Lenovo,IP Gaming
0e7e4f5a67,Laptop,Acer Nitro
c9fd43277d,Laptop,Acer Predator
65e79d1a35,MSI,Modern 14
526da43c9f,Laptop,Acer Predator
1a536b536f,Asus,ROG Zephyrus
d83044a14e,ASUS,Zenbook 14
da4aab22eb,HP,ELITEBOOK 840
2abe4d4320,MSI,GF63 Thin
5e408c70ce,Dell,Vostro 3400
8f924d6427,Asus,TUF F15
cf770e4ca7,Acer,Swift 3
1ab46204b4,HP,"14"" Probook"
bbdaeab3db,MSI,GL65 Leopard
7f8aa62cb5,MSI,GE66 Raider
6e64824541,MSI,Modern 15
7152844f98,Acer,Swift 2021
bf707efa67,Laptop,HP pavilion
5aee20e126,Lenovo,Legion 5
94e4793e52,Acer,Aspire 5
a97aa91fa7,Acer,Swift 3
8e6e73daf3,HP,15 AMD
100249eb17,Acer,Aspire 5
93a52fc88d,ASUS,ZENBOOK 14
59c8f569d2,Asus,Vivobook K513Ea
30aec78dcd,Asus,Vivobook X1502Za-E8593W
798d26c2fa,MSI,Modern 14
aa2f667ec5,Dell,Inspiron 5406
85c12f66b5,Asus,VivoBook Flip
e8bd6c200f,Asus,VivoBook E410MA
84c1d7a2a9,Asus,L510M Ultra
77385ed63f,ASUS,TUF Gaming
dbb1ac2190,Msi,Summit E16
b097bfe5e0,Dell,Latitude 3420
f7667695e7,Honor,Magicbook X
2672a8daf8,Dell,Inspiron 3511
6171544cfb,Acer,Aspire 3
3c72df5172,MSI,Summit E16
7b0703dcfb,Asus,Zenbook Duo
9c62bce908,Asus,TUF F15
3915d89767,ASUS,Vivobook 15
8da49908cf,Acer,Aspire 5
c644f762ad,Acer,Swift 3
05e3ba6561,Acer,Aspire 5
f6b2b371b8,Acer,Aspire 5
38b14a52a6,Asus,ROG Strix
c1607a6dbc,Asus,Vivobook Pro
fe1d611f94,Asus,Vivobook X415Ep-Eb296W
9592a48f13,Acer,Swift 3
905ca481bb,Dell,Inspiron 5406
814617290e,Asus,Zenbook 14
5987b55cff,ASUS,ZenBook 14X
3f34f31dda,Asus,Zenbook 14
3100104426,Acer,swift3-42-R8R5 AMD
381a7794a7,Acer,Aspire Vero
7230806362,MSI,Modern 14
15ebdefe83,Dell,G5 15
ed12d576c0,Acer,Swift X/14″
02ef918357,Asus,Vivobook Pro
284bb854fc,Asus,Vivobook X1402Za-Eb474W
866b55eaaf,Lenovo,Ideapad 5
09029aecf9,Dell,Inspiron 5400
629a322c16,Laptop,Acer Predator
dbabd93a52,Dell,Vostro 3510
8a6fd99fa1,Asus,M513U Vivobook
d73c189340,Dell,Inspiron 7400
1987376b87,Asus,Vivobook Flip
2cb3f1ad67,Asus,2023 Zenbook
f14332287d,MSI,GP66 Leopard
3a57f00a0f,Dell,Inspiron 5410
e684c28efa,Dell,Vostro 3510
d2698929c4,Razer,"Blade 15,"
1a1085be33,Asus,Zenbook Ux425Ea-Ki440W
90bc923b7e,Asus,Vivobook M1503Qa-L1005W
93b6d05f68,Acer,Aspire Fun
65a15765b4,MSI,Stealth 15M
9a639b287f,Lenovo,IdeaPad Flex
43834df971,Dell,Inspiron 7300
e894f6510a,MSI,Modern B11M
eda5c09fcc,Dell,Inspiron 3511
c05bf7bd47,Asus,ROG Strix
703921b3c9,ASUS,"M513U Vivobook,15.6"
7ae4229067,Laptop,Acer Nitro5
dfb37652ea,Dell,G5 2021
3f6473cdaf,Acer,Nitro V15
db870c3559,HP,Laptop 15S
064394ad35,Dell,Latitude 3420
137b51817a,Asus,G512L Rog
cb42e0f1a0,HP,Omen 15
ed0598f77e,Dell,Latitude 7370
484da62d48,MSI,Gf 65
beafac56c6,Lenovo,ThinkPad P14
e4d8f49249,Asus,13Th Gen
8c9cac92eb,Asus,2023 Zenbook
acbb017d06,MSI,GS66 Stealth
d9bda91d47,MSI,GE76 Raider
129dd45ad9,Dell,XPS 13
6152375969,Asus,Vivobook X1503Za-L1438W
4c70f37d31,Asus,ROG Strix
a746fc9aae,Asus,VivoBook 15
1509607ca7,Asus,Zenbook Q408Ug
ad95eb0b54,MSI,GF63 9SCSR
b6b209407a,Dell,XPS 13
58058a9832,Asus,ROG Strix
f9c624d547,Dell,XPS 13
44918ce637,Asus,Zenbook 14
c19712ef90,MSI,Creator 15
cf7a100c94,Lenovo,LOQ 15IRH8
d014c0b5a6,Laptop,Acer Nitro5
8007e471bc,Asus,2023 Zenbook
22b1dbcf6a,Asus,TUF F15
0f82b9a19e,Asus,Vivobook Pro
5eb947cbce,Dell,Inspiron 14
68e7f09d88,HP,"14"" ProBook"
ad0ec3bd89,Asus,ZenBook 14
2890f821c1,Acer,Nitro V
22e9bc3816,Laptop,Acer Nitro5
7849714017,Acer,Nitro 16
9704c312a8,Asus,Zephyrus G14
ef1e477d39,Acer,Nitro 5
e014670064,Asus,ROG Strix
5ee7a7f91c,MSI,GL65 9SDK
84994d62ab,Dell,"Precision 3430-SFF,"
29f571fe6d,Asus,ROG Zephyrus
fc32dfa5af,Acer,Aspire 5
50a71e0a1c,Lenovo,LOQ 15
c0cba2f3d3,Acer,Nitro V
5b75876e5a,Acer,Nitro V
11ff3e51c1,Lenovo,IdeaPad Gaming
a8e68712ea,Asus,E410M /
2a4805cfbe,Nova,Pro(16/512) |
ebc0eec314,HP,VICTUS 15
1790dc871a,Acer,Predator Helios
8d812968ec,Asus,Tuf Gaming
217fab8a83,Acer,Nitro V
1b424b388c,Asus,Vivobook Pro
53535200b1,Asus,ROG STRIX
575a67fe8b,HP,VICTUS 15
68c8f6ac64,Dell,Wyse 5740
14b6c42c1d,HP,Laptop 15s
ebcf60de9f,Acer,Nitro 5
12afcb851b,HP,NoteBook 14-CF3065TU
01c16ccdf0,ACER,NITRO 5
1dedd2387e,Acer,Predator Helios
adaf913218,Acer,Nitro V
accb5128ab,Lenovo,LOQ I5
08eb543d8c,Acer,Nitro 5
2f60ad0089,Asus,ROG Strix
ea682b2955,MSI,Katana GF66
a835a65298,Acer,Nitro 5
a3a76149fc,Apple,Macbook Air
15dd6d2987,LENOVO,LOQ 15IRH8
4ee36c4f81,Lenovo,IdeaPad 3
58090d05cd,Acer,Nitro 5
58bcb50de2,GF63,"Thin 10SC,"
c131a75970,MSI,Thin GF63
0bce28d732,HP,Victus 15.6
202b1c74c7,Acer,Predator Helios
f13c51e540,Acer,Predator Helios
384ef6809a,Asus,ROG Strix
eb742beb80,Dell,G5 2021
c911352c8a,Acer,Nitro V
b27cd4ff90,ACER,NITRO V15
2439fdc99b,HP,Omen Gaming
b3e0483ba5,HP,Victus Intel
a1757761fb,Lenovo,LOQ Gaming
1a485afe46,Asus,TUF A15
70fde28fb8,Acer,Nitro V15
b49b8f4260,HP,Victus 16
d1031007e4,Acer,Nitro 5
5c9ee48918,Acer,Nitro 5
b36db51f5b,Lenovo,IdeaPad 3
c86b3eaf6f,Acer,Nitro 5
b6c6300b5d,Lenovo,LOQ i5
851ece84ee,Asus,TUF A15
383635578c,MSI,Thin GF63
a06e41db07,Acer,Nitro V15
7a0baefc0e,Asus,TUF F15
07e7f98277,Acer,Nitro 5
21eea4f5eb,Acer,Nitro 5
ebb923f57c,MSI,Modern 15
0dbd14356f,MSI,Modern 15
1f0a3f6678,ASUS,TUF Gaming
b0d76ca874,HP,Victus 15
e39bbf4bbd,Acer,Nitro 5
1f6cfb53e5,Lenovo,LOQ 15APH8
d0c3b693ad,HP,Victus 15
117277779e,MSI,Katana GF66
437ddf6653,Lenovo,LOQ Gaming
3d353334ac,Nitro,5 (AN515-58-559W)
4f929573ce,Acer,Nitro V
396ffebcbc,Acer,Aspire 7
54536f3a3f,Asus,Tuf Gaming
8441441f62,HP,Victus 15
d32d2f5bc9,Dell,G15 5520
60c560d4b4,Lenovo,LOQ Intel
9115b1b291,HP,OMEN 15
28267ed5d7,Asus,TUF F15
df8d881402,MSI,Modern 14
b2d3090fde,Lenovo,LOQ I5
0a8898f8ff,Acer,Nitro V
e248db0f45,MSI,Leopard GP66
c6df0081ec,MSI,Katana 15
adcfc1ddd8,Acer,Nitro V15
22ee8e38d6,Acer,Nitro 5
600f0a8e92,LEVEL51,GG Gaming
ebcfb7f49a,MSI,Modern 15
00e1edb5a9,ASUS,TUF Gaming
7541fa278c,Dell,G5 2021
ccce4ac1eb,Acer,Predator Helios
b7f73e6a08,Acer,Nitro 5
54a0245f10,Asus,ROG ZEPHYRUS
9fa6e9d358,MSI,Modern 14
4618f2a024,AMD,Ryzen™ 7
a2e42302cd,Acer,Aspire 5
1761a31243,ASUS,ROG Strix
190690c395,Acer,Aspire 3
859f22d2f5,HP,Victus 15
2d9c92ac94,Lenovo,IdeaPad 5
72803a625c,ASUS,ROG Zephyrus
2a12bb08cb,Acer,Aspire 5
36f066f337,HP,Victus 16
b5a3af4eb7,MSI,GF63 Thin
d96d4b5594,HP,Victus 15
bf346e613d,Acer,Predator Helios
604637a2de,GF63,Thin 11UC
93aca4edf1,ASUS,TUF Gaming
4db5339859,Lenovo,LEGION PRO
812f5073b3,Acer,Aspire 5
16bc149275,HP,Omen 16
084168b46c,Acer,Predator Helios
46951af779,Asus,Rog Zephyrus
98ac7eabd6,Acer,Predator Helios
b1e1984278,Lenovo,ThinkPad X1
eab28db3bf,Dell,G5 15
d6ce14cb6a,Acer,Nitro 5
491aa14f4c,Asus,TUF F15
cd340ceca6,Acer,Aspire 5
06debe35b8,ASUS,Creator Q530
15f59c2a18,Acer,Nitro V
23e2e10a5d,Lenovo,Legion 5
092c02983a,Lenovo,Legion 5
588059638e,HP,VICTUS 15-FB1013
482a3dc9e8,ASUS,TUF GAMING
9480c9e888,Acer,Nitro 5
b8f7e26542,HP,Victus Gaming
4f4de6a4b8,Acer,Predator Helios
16054b1355,Acer,Nitro 5
82d2d0a3df,Dell,G5 2021
42cc9b4eb5,Acer,Predator Helios
d344acf483,Dell,G15 5520
e5a5b7b1ce,Dell,Gaming -3590
812aa304f1,Asus,ROG Strix
f1edfd3877,Acer,Nitro 5
8de14bbb68,Acer,Nitro 5
786e303e6f,ASUS,ROG Zephyrus
103a5c18bc,Dell,Alienware M15
79731d3d4b,ASUS,TUF Gaming
d09f67aa9f,Acer,Nitro V
6452b6f8ae,Acer,Nitro 5
61aa6282b8,MSI,Leopard GP76-11UH
d724271391,Lenovo,Legion 5
c71bd63d89,HP,Omen 16
c7ababce9f,Lenovo,LOQ 15
7d6bab3b51,Lenovo,Legion Slim
f2007a2352,MSI,Prestige 16
8f06acafe2,Lenovo,Legion 5
1369cc82c1,Asus,Rog Strix
959f894ba9,Acer,Nitro V
62d8b6d77c,Lenovo,New Loq
ce358c0327,ASUS,TUF Gaming
63f07bf9fb,HP,Victus 15
f12f1974df,Acer,Nitro 5
556256c120,Acer,Predator Helios
57310589f8,Acer,Nitro 5
d14da0ef07,Acer,Nitro V
976d5bab93,Lenovo,Legion 5
de0871d1cc,Acer,Nitro 5
be0b38d136,Acer,Nitro 5
d583c2161b,HP,Victus 15
478e48fc27,Dell,Inspiron 7306
3937402007,Acer,Nitro 5
38138a6780,Lenovo,Legion 5
16f92dc696,ASUS,TUF Dash
3ffa2642cc,Dell,Inspiron G15
c08570a548,Acer,Nitro 5
23e904390a,Acer,Nitro 5
a60b074ad5,ACER,NITRO 5
08d81c4948,ACER,Predator |
86af204f4c,Acer,Nitro 5
f5215c5109,Acer,Nitro V
8918203142,Acer,Nitro 5
f323f080fd,Acer,Predator Helios
435fa933c8,Acer,Nitro 5
6257a10c05,Acer,Nitro 5
559980a87c,Acer,Nitro 5
5fdbf6a06a,MSI,GF63 Thin
6dcea48bc2,Asus,Tuf Fx505dt
98e883f1a6,Acer,Predator Helios
a9dcc33860,MSI,GL75 Leopard
9f9825892d,Asus,Tuf Gaming
45db908af9,Acer,Nitro 5
edf21cae05,ASUS,- TUF
1f807bf12a,ASUS,TUF Gaming
b653851ebb,HP,Victus Ryzen
43bc3a0bf3,Acer,Predator Helios
964003f498,Acer,Nitro 5
c2f9db7add,Acer,Predator Helios
3542824b3c,Acer,Nitro 5
75c78aaf0b,Acer,Nitro 5
03e6e390f4,Acer,Nitro 5
167c1cad67,Acer,Nitro 5
22542b2c00,Asus,TUF Gaming
68fd998fe4,Acer,Nitro 5
e0a3c719c8,Acer,nitro 5
bcfd815af8,GIGABYTE,AERO 16
ea30cd41cd,MSI,GF65 /
d192fda8aa,Acer,NiTRO 5
4bac371ee5,Acer,Predator Triton
ec924eb6ac,Lenovo,IdeaPad Gaming
c26d351187,Acer,Nitro 5
d05f0d276b,Acer,Predator Helios
99fef61df1,Acer,Swift X
7c29afb1b8,Asus,ROG Strix
a6a39de145,Acer,Nitro 5
1fb116d3ce,Acer,Predator Triton
e1690d94a9,ASUS,TUF Gaming
9d6d2d0554,Lenovo,Legion 5
a1751477b9,Modern,"14 B10MW,"
6f3d983b10,Lenovo,Yoga C740
d97169ed16,Acer,Predator Helios
49228d94be,Laptop,Acer Predator
3aa692be92,Acer,Nitro 5
f35dbd41d2,HP,Pavilion 15
fd1222a70b,Asus,TUF A15
d261163b85,Hp,Pavilion X360
2700bc9b52,MSI,GF65 i7
be6f6aea81,Asus,ROG Strix
7f70aed19a,Lenovo,Legion 5
808f45cf9e,Acer,Predator Helios
873de7048a,Acer,Predator Triton
326f60c438,Acer,Nitro 5
25e1af1ff1,ASUS,TUF F15
bd194620b4,ASUS,TUF Gaming
f8b91a4e92,Asus,Rog Strix
58d245f057,Acer,Predator Helios
09e639c307,Acer,Predator Helios
22b0d70ca3,Lenovo,Legion 5
5d49c769b0,Asus,ROG Zephyrus
d39493599a,Acer,Predator Triton
a3d4ab86b0,Asus,ROG Strix
edb32dca3a,ASUS,ROG Strix
c3e63abbe8,Lenovo,Legion 5
8db36a08c6,Dell,Alienware M15
37c162d6df,Acer,Nitro 5
bea3f7275e,Asus,ROG Zephyrus
3418a7b548,Acer,Nitro 5
21bdc43161,ASUS,ROG Zephyrus
aab1cc259f,Lenovo,Legion 5
00bb04341a,Acer,Nitro 5
d9c18dd170,MSI,Prestige 16
aecd7c816e,ASUS,TUF Dash
5af543179e,HP,Omen 16
eac9a94f76,Asus,Rog Strix
464096e18a,Lenovo,Legion 5
43453d6c79,Acer,Predator Helios
bfa3dfa0ea,Asus,ROG Zephyrus
0af0968f90,ASUS,G513QE-HN136T /
0d6a784c9d,Acer,Nitro 5
5f3dd30207,Lenovo,Legion 5
35012e43a9,Asus,TUF A15
934324a829,Asus,Rog Zephyrus
b45ceec904,Lenovo,Legion 5
f37cbfa800,ASUS,TUF FA506IH
0b70210218,Lenovo,New Loq
4977282698,Acer,Predator Helios
e53649787d,MSI,Raider GE68
a9cd5e1a5a,Acer,nitro 5
14492c1ce7,Asus,ROG Zephyrus
e463e175c2,HP,OMEN 11th
aa8d2bad16,Acer,Nitro 5
574c2806ed,Lenovo,Legion 5
4820fbed78,Asus,Tuf Dash
610be21dfa,Asus,ROG Zephyrus
a1aacfa74e,Lenovo,Legion 5
8b6e1d8281,Acer,Nitro 5
513b4cec24,Acer,Predator Triton
deced34f2e,Lenovo,Legion 5
b8f1967583,MSI,GF63 Thin
018fb12457,HP,Victus 16
66613a50c0,Dell,Alien ware
dfbc52a9a7,Dell,G5 15
52082266b8,Acer,Predator Helios
6f16ad9cf7,Asus,Rog Zephyrus
8289cca91b,Acer,Predator Helios
37547df75f,Dell,G5 G5510
cb9f99dcc0,Lenovo,Legion 5
23ed3d11ad,Asus,Tuf Gaming
44c7231f46,HP,Victus 16
6fb432b06a,HP,Omen 16
dc45f8a266,ASUS,- ROG
f76d3b8dfd,Acer,Predator Helios
5061e732dc,MSI,GF65 10UE
df2a6adbf9,Asus,TUF Dash
8c0c1e79de,Acer,Aspire 7
6921c45c2b,Asus,ROG Strix
e71ede736e,Laptop,Acer AN515-45-R75R
6b25db9e7d,Razer,Blade 15
4dd7e56d6c,Lenovo,Legion 5
175a481c44,ASUS,Zephyrus G15
4e88464adf,Asus,ROG Zephyrus
16067d2751,Apple,MacBook Air
6f1e11a944,Dell,Vostro 3510
07bfc2265c,HP,Laptop 15s-du3538TU
5dcfa92b7a,Lenovo,Legion 5
29f82e0fd3,Acer,Nitro 5
49c7e6cbbe,Acer,Lite 14
0dfe0b80e8,HP,Victus 15
0ae7aa7575,Asus,VivoBook 14
fa13d9eccc,HP,14- Celeron®
95d9f582a2,AVITA,LIBER E
01171bb8f9,Lenovo,YOGA 6
6d680d65ed,Original,XPS Premium
5cc1e1efc4,MSI,Cyborg 15
b155edfe46,Lenovo,YOGA 6
9a298cbe0f,Lenovo,FLEX 5
0a270b1a8e,Laptop,For Students
fd3907e277,Dynabook,Portege X30W-K
450cfddb45,Dell,Vostro 3515
e832f0e9ac,Dell,Latitude 5430
181d98c372,Asus,ZenBook UX3402VA-DS74
0a9b4fdb34,Lenovo,Thinkpad X13
9876851eb8,Dell,Vostro 3400
7e97bd7de8,HP,Envy x360
5988b995a7,Lenovo,V14 Ryzen
afd94a5f75,Laptop,Dell Latitude
